,Height,Weight,Fur_Intensity,Tail_Length,Energy_Level,Ear_Size,Paw_Size,Interaction_Term,Label
0,0.52,3.48,0.34,0.71,0.61,0.41,0.21,0.24,0
1,0.87,6.34,0.32,0.82,0.82,0.48,0.56,0.26,1
2,0.74,8.98,0.92,0.33,0.78,0.78,0.71,0.3,1
3,0.66,7.86,0.32,0.66,0.24,0.37,0.55,0.21,1
4,0.39,8.45,0.34,0.61,0.23,0.8,0.34,0.21,1
5,0.39,7.27,0.78,0.85,0.34,0.17,0.33,0.66,1
6,0.33,7.54,0.5,0.92,0.42,0.72,0.27,0.46,1
7,0.82,8.79,0.8,0.11,0.47,0.78,0.72,0.09,1
8,0.66,4.0,0.16,0.71,0.71,0.25,0.3,0.11,0
9,0.72,5.92,0.54,0.15,0.15,0.44,0.44,0.08,0
10,0.31,3.77,0.13,0.59,0.13,0.23,0.16,0.08,0
11,0.88,9.9,0.16,0.36,0.45,0.67,0.91,0.06,1
12,0.8,9.55,0.92,0.38,0.73,0.53,0.81,0.35,1
13,0.43,2.32,0.23,0.42,0.27,0.61,0.12,0.1,0
14,0.41,7.64,0.58,0.66,0.68,0.26,0.34,0.38,1
15,0.41,9.4,0.47,0.4,0.33,0.27,0.42,0.19,1
16,0.48,3.44,0.41,0.76,0.9,0.13,0.17,0.31,0
17,0.61,6.54,0.91,0.46,0.91,0.36,0.43,0.42,0
18,0.56,9.32,0.12,0.16,0.37,0.55,0.55,0.02,1
19,0.47,2.27,0.7,0.81,0.31,0.79,0.11,0.57,0
20,0.67,7.58,0.97,0.36,0.47,0.63,0.53,0.35,1
21,0.38,4.38,0.6,0.49,0.32,0.45,0.21,0.29,0
22,0.48,9.4,0.94,0.72,0.71,0.86,0.49,0.68,1
23,0.52,9.77,0.15,0.4,0.84,0.68,0.51,0.06,1
24,0.57,9.55,0.48,0.15,0.71,0.84,0.55,0.07,1
25,0.77,5.79,0.33,0.44,0.84,0.52,0.46,0.15,1
26,0.42,8.9,0.76,0.95,0.46,0.31,0.42,0.72,1
27,0.61,8.76,0.98,0.68,0.24,0.14,0.54,0.67,1
28,0.66,4.55,0.33,0.7,0.76,0.68,0.34,0.23,0
29,0.33,8.63,0.69,0.67,0.42,0.2,0.29,0.46,1
30,0.66,2.3,0.28,0.28,0.7,0.34,0.18,0.08,0
31,0.4,6.77,0.61,0.48,0.34,0.53,0.29,0.29,1
32,0.34,3.84,0.52,0.78,0.17,0.55,0.17,0.41,0
33,0.87,2.96,0.97,0.19,0.99,0.58,0.27,0.18,0
34,0.88,2.62,0.65,0.35,0.24,0.23,0.26,0.23,0
35,0.79,7.57,0.41,0.35,0.99,0.4,0.61,0.14,1
36,0.48,4.72,0.2,0.49,0.98,0.59,0.26,0.1,0
37,0.36,7.8,0.24,0.98,0.81,0.88,0.32,0.24,1
38,0.71,2.52,0.3,0.16,0.69,0.68,0.19,0.05,0
39,0.56,4.52,0.33,0.57,0.62,0.84,0.3,0.19,0
40,0.37,6.32,0.87,0.26,0.88,0.71,0.26,0.23,0
41,0.6,8.33,0.61,0.97,0.36,0.57,0.51,0.59,1
42,0.32,4.55,0.57,0.2,0.52,0.25,0.17,0.11,0
43,0.85,7.01,0.2,0.46,0.66,0.63,0.6,0.09,1
44,0.46,9.09,0.87,0.76,0.47,0.6,0.45,0.66,1
45,0.7,6.93,0.75,0.73,0.48,0.58,0.52,0.55,1
46,0.49,3.86,0.16,0.48,0.4,0.49,0.19,0.08,0
47,0.61,2.2,0.74,0.41,0.61,0.52,0.16,0.3,0
48,0.63,8.96,0.59,0.46,0.87,0.37,0.61,0.27,1
49,0.41,2.17,0.17,0.34,0.28,0.52,0.14,0.06,0
50,0.88,9.0,0.51,0.28,0.94,0.26,0.82,0.14,1
51,0.77,6.23,0.54,0.53,0.72,0.74,0.53,0.29,1
52,0.86,9.51,0.25,0.34,0.84,0.25,0.84,0.08,1
53,0.84,8.39,0.95,0.36,0.6,0.17,0.72,0.34,1
54,0.66,9.98,0.86,0.69,0.8,0.45,0.7,0.59,1
55,0.85,4.81,0.7,0.97,0.11,0.63,0.43,0.68,0
56,0.35,8.14,0.52,0.64,0.84,0.45,0.31,0.33,1
57,0.42,5.22,0.47,0.17,0.14,0.32,0.24,0.08,0
58,0.33,5.84,0.69,0.17,0.9,0.55,0.24,0.12,0
59,0.5,7.02,0.59,0.96,0.99,0.38,0.39,0.57,0
60,0.53,8.99,0.16,0.37,0.36,0.85,0.5,0.06,1
61,0.46,9.87,0.56,0.18,0.29,0.84,0.47,0.1,1
62,0.8,8.15,0.83,0.64,0.79,0.5,0.68,0.53,1
63,0.51,5.34,0.51,0.66,0.33,0.36,0.3,0.34,0
64,0.47,5.37,0.15,0.68,0.88,0.69,0.26,0.1,0
65,0.63,7.9,0.81,0.34,0.19,0.13,0.54,0.28,1
66,0.38,3.91,0.28,0.11,0.21,0.48,0.17,0.03,0
67,0.78,2.88,0.33,0.97,0.98,0.37,0.24,0.32,0
68,0.34,4.84,0.25,0.33,0.71,0.84,0.17,0.08,0
69,0.89,4.3,0.4,0.71,0.86,0.11,0.39,0.28,0
70,0.76,4.37,0.78,0.74,0.39,0.54,0.38,0.58,0
71,0.42,3.87,0.57,0.65,0.71,0.69,0.18,0.37,0
72,0.3,2.34,0.28,0.38,0.63,0.49,0.08,0.11,0
73,0.79,2.14,0.89,0.34,0.64,0.17,0.19,0.3,0
74,0.72,9.9,0.89,0.64,0.71,0.88,0.73,0.57,1
75,0.74,5.42,0.88,0.88,0.62,0.51,0.4,0.77,0
76,0.76,5.07,0.31,0.95,0.49,0.59,0.4,0.29,0
77,0.34,7.44,0.51,0.2,0.35,0.29,0.28,0.1,1
78,0.52,3.75,0.99,0.24,0.79,0.49,0.22,0.24,0
79,0.37,9.6,0.79,0.95,0.3,0.44,0.37,0.75,1
80,0.82,8.29,0.12,0.76,0.72,0.16,0.7,0.09,1
81,0.67,2.72,0.16,0.89,0.31,0.18,0.23,0.14,0
82,0.5,5.34,0.52,0.28,0.66,0.77,0.29,0.15,0
83,0.34,9.03,0.92,0.63,0.77,0.29,0.32,0.58,1
84,0.49,9.56,0.58,0.73,0.3,0.26,0.48,0.42,1
85,0.5,5.74,0.55,0.71,0.15,0.5,0.31,0.39,0
86,0.74,6.91,0.19,0.47,0.22,0.71,0.55,0.09,1
87,0.68,3.34,0.69,0.11,0.65,0.15,0.24,0.08,0
88,0.83,9.93,0.84,0.62,0.86,0.56,0.86,0.52,1
89,0.58,3.85,0.44,0.33,0.14,0.2,0.22,0.15,0
90,0.37,9.54,0.8,0.51,0.76,0.13,0.37,0.41,1
91,0.73,7.2,0.97,0.96,0.41,0.14,0.56,0.93,1
92,0.76,6.86,0.28,0.46,0.53,0.77,0.54,0.13,1
93,0.64,6.1,0.57,0.86,0.94,0.19,0.42,0.49,0
94,0.76,3.85,0.36,0.27,0.4,0.14,0.3,0.1,0
95,0.6,3.41,0.81,0.71,0.52,0.45,0.24,0.58,0
96,0.61,3.76,0.62,0.98,0.11,0.78,0.23,0.61,0
97,0.56,3.49,0.67,0.19,0.17,0.31,0.24,0.13,0
98,0.32,8.24,0.82,0.11,0.33,0.44,0.27,0.09,1
99,0.36,4.8,0.46,0.49,0.13,0.13,0.22,0.23,0
100,0.32,2.46,0.92,0.18,0.67,0.46,0.1,0.17,0
101,0.68,9.75,0.58,0.77,0.48,0.56,0.7,0.45,1
102,0.49,9.07,0.24,0.92,0.59,0.56,0.46,0.22,1
103,0.61,9.42,0.73,0.49,0.26,0.37,0.62,0.36,1
104,0.84,9.96,0.81,0.33,0.37,0.35,0.84,0.27,1
105,0.45,3.39,0.39,0.49,0.7,0.19,0.16,0.19,0
106,0.55,5.17,0.87,0.75,0.97,0.39,0.31,0.65,0
107,0.75,8.07,0.92,0.11,0.15,0.18,0.61,0.1,1
108,0.44,7.57,0.35,0.63,0.9,0.71,0.34,0.22,1
109,0.35,3.23,0.99,0.65,0.62,0.87,0.16,0.64,0
110,0.47,8.53,0.23,0.67,0.61,0.88,0.45,0.15,1
111,0.4,3.8,0.28,0.32,0.55,0.79,0.17,0.09,0
112,0.86,3.79,0.27,0.74,0.16,0.58,0.37,0.2,0
113,0.78,6.3,0.9,0.18,0.18,0.66,0.52,0.16,1
114,0.68,6.74,0.69,0.28,0.64,0.33,0.47,0.19,1
115,0.82,6.64,0.24,0.89,0.41,0.6,0.58,0.21,1
116,0.78,2.73,0.5,0.76,0.93,0.46,0.25,0.38,0
117,0.41,9.02,0.65,0.11,0.47,0.49,0.42,0.07,1
118,0.84,4.12,0.18,0.32,0.23,0.71,0.36,0.06,0
119,0.62,3.04,0.89,0.29,0.74,0.33,0.22,0.26,0
120,0.78,9.11,0.82,0.34,0.36,0.35,0.71,0.28,1
121,0.84,9.65,0.55,0.32,0.57,0.84,0.82,0.18,1
122,0.49,8.9,0.97,0.16,0.73,0.14,0.44,0.16,1
123,0.37,8.48,0.48,0.51,0.91,0.49,0.36,0.24,1
124,0.44,7.24,0.99,0.76,0.81,0.83,0.36,0.75,1
125,0.56,6.41,0.7,0.65,0.71,0.59,0.4,0.45,0
126,0.79,2.7,0.67,0.71,0.71,0.54,0.24,0.48,0
127,0.82,5.27,0.25,0.17,0.95,0.3,0.45,0.04,0
128,0.3,4.98,0.89,0.96,0.37,0.37,0.16,0.85,0
129,0.61,4.08,0.48,0.85,0.1,0.78,0.26,0.41,0
130,0.55,7.79,0.25,0.82,0.34,0.55,0.45,0.2,1
131,0.43,5.97,0.11,0.84,0.3,0.51,0.29,0.09,1
132,0.37,2.65,0.6,0.94,0.7,0.18,0.13,0.56,0
133,0.5,3.76,0.57,0.59,0.67,0.11,0.19,0.34,0
134,0.87,7.47,0.75,0.28,0.63,0.87,0.65,0.21,1
135,0.49,2.61,0.9,0.66,0.11,0.4,0.13,0.59,0
136,0.61,8.81,0.17,0.77,0.76,0.58,0.56,0.13,1
137,0.72,5.96,0.76,0.76,0.39,0.16,0.48,0.58,1
138,0.52,5.84,0.27,0.57,0.7,0.65,0.34,0.15,0
139,0.88,6.74,0.87,0.16,0.6,0.85,0.63,0.14,1
140,0.88,8.6,0.84,0.43,0.41,0.56,0.78,0.36,1
141,0.45,4.78,0.59,0.93,0.22,0.2,0.23,0.55,0
142,0.6,7.42,0.74,0.63,0.18,0.57,0.45,0.47,1
143,0.48,6.53,0.38,0.58,0.85,0.71,0.36,0.22,0
144,0.47,4.14,0.52,0.34,0.93,0.43,0.23,0.18,0
145,0.32,9.03,0.84,0.43,0.68,0.8,0.3,0.36,1
146,0.67,8.38,0.51,0.91,0.19,0.62,0.59,0.46,1
147,0.6,7.27,0.42,0.7,0.46,0.82,0.46,0.29,1
148,0.33,8.8,0.54,0.81,0.76,0.6,0.32,0.44,1
149,0.47,8.94,0.85,0.51,0.8,0.21,0.47,0.43,1
150,0.84,7.67,0.4,0.67,0.21,0.35,0.67,0.27,1
151,0.44,8.7,0.26,0.32,0.1,0.26,0.41,0.08,1
152,0.39,7.58,0.74,0.73,0.74,0.83,0.3,0.54,1
153,0.59,7.44,0.84,0.48,0.42,0.71,0.44,0.4,1
154,0.89,6.95,0.19,0.5,0.33,0.64,0.63,0.1,1
155,0.45,8.02,0.32,0.68,0.11,0.34,0.36,0.22,1
156,0.7,3.27,0.23,0.94,0.59,0.25,0.27,0.22,0
157,0.76,9.05,0.41,0.16,0.87,0.71,0.72,0.07,1
158,0.44,8.97,0.51,0.84,0.96,0.48,0.4,0.43,1
159,0.74,2.23,0.77,0.36,0.61,0.28,0.21,0.28,0
160,0.52,8.61,0.69,0.5,0.56,0.59,0.46,0.34,1
161,0.68,3.03,0.66,0.12,0.18,0.13,0.22,0.08,0
162,0.68,4.68,0.42,0.37,0.59,0.36,0.33,0.16,0
163,0.62,7.95,0.86,0.55,0.44,0.47,0.51,0.47,1
164,0.35,3.29,0.52,0.15,0.65,0.22,0.13,0.08,0
165,0.8,8.54,0.98,0.54,0.45,0.89,0.71,0.53,1
166,0.49,8.66,0.67,0.93,0.32,0.27,0.44,0.62,1
167,0.41,6.06,0.21,0.19,0.19,0.2,0.3,0.04,0
168,0.32,2.05,0.71,0.79,0.38,0.26,0.07,0.56,0
169,0.65,4.3,0.39,0.47,0.19,0.72,0.29,0.18,0
170,0.71,6.94,0.72,0.69,0.26,0.44,0.5,0.5,1
171,0.31,9.85,0.16,0.33,0.99,0.55,0.34,0.05,1
172,0.61,7.05,0.26,0.24,0.5,0.12,0.43,0.06,1
173,0.44,4.08,0.87,0.24,0.58,0.13,0.22,0.21,0
174,0.69,7.07,0.3,0.16,0.89,0.46,0.51,0.05,1
175,0.4,6.32,0.85,0.27,1.0,0.75,0.28,0.23,0
176,0.71,8.24,0.35,0.7,0.62,0.81,0.61,0.24,1
177,0.53,2.86,0.68,0.89,0.83,0.17,0.16,0.61,0
178,0.86,8.09,0.72,0.83,0.39,0.53,0.71,0.6,1
179,0.38,6.33,0.56,0.72,0.38,0.83,0.26,0.4,1
180,0.5,9.7,0.37,0.2,0.46,0.41,0.51,0.07,1
181,0.37,4.73,0.29,0.36,0.71,0.76,0.19,0.1,0
182,0.85,7.06,0.13,0.38,0.71,0.21,0.61,0.05,1
183,0.83,9.46,0.37,0.32,0.38,0.85,0.83,0.12,1
184,0.45,2.82,0.69,0.56,0.22,0.7,0.13,0.39,0
185,0.7,9.5,0.94,0.58,0.67,0.85,0.71,0.55,1
186,0.79,7.5,0.88,0.42,0.22,0.64,0.63,0.37,1
187,0.63,2.54,0.79,0.42,0.62,0.39,0.17,0.33,0
188,0.62,4.41,0.81,0.85,0.72,0.85,0.28,0.69,0
189,0.45,7.67,0.7,0.81,0.73,0.32,0.35,0.57,1
190,0.36,2.54,0.33,0.38,0.78,0.37,0.13,0.13,0
191,0.84,6.66,0.92,0.92,0.89,0.66,0.59,0.85,1
192,0.84,4.77,0.7,0.96,0.55,0.71,0.44,0.67,0
193,0.68,6.97,0.6,0.39,0.76,0.84,0.52,0.23,1
194,0.5,2.37,0.2,0.42,0.66,0.26,0.15,0.08,0
195,0.51,8.97,0.5,0.56,0.27,0.74,0.47,0.28,1
196,0.74,9.79,0.51,0.95,0.12,0.69,0.74,0.48,1
197,0.84,9.75,0.88,0.89,0.36,0.15,0.86,0.78,1
198,0.83,8.0,0.59,0.19,0.5,0.41,0.67,0.11,1
199,0.77,3.04,0.44,0.45,0.66,0.33,0.24,0.2,0
200,0.69,8.07,0.98,0.6,0.86,0.34,0.59,0.59,1
201,0.35,2.2,0.2,0.55,0.28,0.89,0.1,0.11,0
202,0.4,2.18,0.48,0.27,0.21,0.61,0.13,0.13,0
203,0.84,4.59,0.14,0.87,0.97,0.67,0.42,0.12,0
204,0.66,5.91,0.77,0.71,0.2,0.88,0.39,0.55,1
205,0.31,8.16,0.93,0.85,0.53,0.4,0.3,0.79,1
206,0.36,7.47,0.35,0.87,0.63,0.74,0.28,0.3,1
207,0.7,5.57,0.87,0.77,0.59,0.45,0.41,0.67,0
208,0.3,4.19,0.36,0.5,0.18,0.8,0.15,0.18,0
209,0.4,9.98,0.92,0.65,0.15,0.24,0.4,0.6,1
210,0.63,5.41,0.78,0.24,0.19,0.86,0.37,0.19,0
211,0.72,5.61,0.82,0.71,0.63,0.28,0.41,0.58,0
212,0.69,3.31,0.12,0.26,0.59,0.36,0.25,0.03,0
213,0.43,8.36,0.97,0.72,0.31,0.7,0.38,0.7,1
214,0.73,7.55,0.75,0.31,0.67,0.42,0.59,0.23,1
215,0.44,3.77,0.37,0.21,0.84,0.59,0.21,0.08,0
216,0.5,2.66,0.85,0.25,0.14,0.46,0.14,0.21,0
217,0.75,7.44,0.35,0.1,0.55,0.69,0.58,0.03,1
218,0.69,7.24,0.89,0.75,0.72,0.28,0.52,0.67,1
219,0.81,4.19,0.2,0.76,0.33,0.15,0.35,0.15,0
220,0.69,9.61,0.73,0.56,0.38,0.34,0.7,0.41,1
221,0.64,3.21,0.59,0.25,0.65,0.48,0.24,0.15,0
222,0.36,5.46,0.19,0.18,0.91,0.23,0.21,0.03,0
223,0.52,9.55,0.32,0.12,0.83,0.38,0.51,0.04,1
224,0.46,5.36,0.11,0.25,0.62,0.42,0.25,0.03,0
225,0.45,7.11,0.52,0.9,0.76,0.15,0.35,0.47,1
226,0.88,5.18,0.37,0.32,0.43,0.57,0.46,0.12,0
227,0.54,4.19,0.64,0.42,0.68,0.81,0.28,0.27,0
228,0.84,9.87,0.37,0.19,0.52,0.22,0.87,0.07,1
229,0.68,5.27,0.37,0.3,0.27,0.58,0.38,0.11,0
230,0.78,9.15,0.77,0.57,0.73,0.63,0.74,0.44,1
231,0.6,3.84,0.14,0.65,0.6,0.44,0.28,0.09,0
232,0.65,3.7,0.91,0.32,0.42,0.66,0.27,0.29,0
233,0.6,2.25,0.87,0.15,0.92,0.43,0.14,0.13,0
234,0.42,7.21,0.7,0.45,0.12,0.5,0.32,0.32,1
235,0.73,4.95,0.63,0.31,0.38,0.11,0.4,0.2,0
236,0.47,8.91,0.9,0.3,0.15,0.65,0.45,0.27,1
237,0.31,5.79,0.27,0.96,0.79,0.63,0.21,0.26,0
238,0.69,9.75,0.17,0.65,0.73,0.13,0.72,0.11,1
239,0.41,3.48,0.32,0.6,0.4,0.39,0.19,0.19,0
240,0.86,8.95,0.82,0.47,0.71,0.88,0.82,0.39,1
241,0.87,8.21,0.13,0.49,0.46,0.44,0.72,0.06,1
242,0.85,8.17,0.62,0.59,0.78,0.5,0.72,0.37,1
243,0.52,8.76,1.0,0.73,0.51,0.83,0.49,0.73,1
244,0.31,8.09,0.87,0.73,0.47,0.67,0.29,0.64,1
245,0.86,7.01,0.57,0.25,0.94,0.57,0.63,0.14,1
246,0.56,3.05,0.16,0.55,0.33,0.74,0.18,0.09,0
247,0.88,2.26,0.85,0.47,0.21,0.79,0.24,0.4,0
248,0.88,9.37,0.64,0.88,0.63,0.47,0.86,0.56,1
249,0.81,6.93,0.2,0.67,0.97,0.48,0.57,0.13,1
250,0.48,8.37,0.18,0.58,0.44,0.41,0.42,0.1,1
251,0.53,5.85,0.92,0.2,0.16,0.87,0.32,0.18,0
252,0.81,2.94,0.7,0.65,0.41,0.66,0.26,0.45,0
253,0.49,3.0,0.85,0.21,0.56,0.17,0.15,0.18,0
254,0.4,7.48,0.89,0.4,0.25,0.79,0.32,0.36,1
255,0.63,5.44,0.61,0.23,0.69,0.48,0.37,0.14,0
256,0.86,3.6,0.57,0.72,1.0,0.16,0.34,0.41,0
257,0.72,5.93,0.49,0.29,0.51,0.54,0.46,0.14,0
258,0.64,2.51,0.39,0.45,0.42,0.43,0.2,0.18,0
259,0.36,6.66,0.49,0.91,0.46,0.8,0.25,0.45,1
260,0.67,4.15,0.8,0.28,0.2,0.26,0.28,0.22,0
261,0.89,8.38,0.64,0.56,0.89,0.76,0.79,0.36,1
262,0.38,4.48,0.9,0.48,0.47,0.55,0.18,0.43,0
263,0.61,5.64,0.5,0.12,0.45,0.14,0.39,0.06,0
264,0.83,2.09,0.65,0.81,0.69,0.88,0.22,0.53,0
265,0.74,2.58,0.67,0.16,0.5,0.51,0.22,0.11,0
266,0.72,5.14,0.63,0.53,0.68,0.33,0.42,0.33,0
267,0.72,5.84,0.73,0.6,0.16,0.48,0.43,0.44,1
268,0.52,6.8,0.31,0.67,0.83,0.79,0.37,0.21,1
269,0.48,4.33,0.56,0.72,0.95,0.34,0.24,0.4,0
270,0.79,7.56,0.19,0.33,0.68,0.25,0.61,0.06,1
271,0.79,8.88,0.45,0.11,0.96,0.2,0.75,0.05,1
272,0.82,8.24,0.54,0.75,0.24,0.34,0.68,0.4,1
273,0.85,2.32,0.69,0.58,0.53,0.72,0.22,0.4,0
274,0.61,5.84,0.96,0.85,0.64,0.48,0.39,0.82,0
275,0.6,2.84,0.64,0.84,0.62,0.28,0.2,0.54,0
276,0.78,3.94,0.77,0.86,0.46,0.23,0.32,0.66,0
277,0.69,9.89,0.56,0.54,0.4,0.37,0.7,0.3,1
278,0.72,3.14,0.67,0.4,0.21,0.85,0.27,0.27,0
279,0.78,5.99,0.16,0.81,0.45,0.37,0.48,0.13,1
280,0.83,6.95,0.33,0.51,0.25,0.89,0.62,0.17,1
281,0.5,7.62,0.43,0.27,0.76,0.49,0.41,0.12,1
282,0.53,6.48,0.53,0.87,0.29,0.24,0.38,0.46,1
283,0.36,2.08,0.14,0.89,0.15,0.81,0.11,0.12,0
284,0.65,4.61,0.23,0.52,0.6,0.47,0.31,0.12,0
285,0.32,6.14,0.35,0.17,0.64,0.67,0.22,0.06,0
286,0.58,2.7,0.97,0.45,0.88,0.89,0.2,0.44,0
287,0.63,4.81,0.4,0.82,0.62,0.14,0.32,0.33,0
288,0.47,2.27,0.53,0.91,0.41,0.18,0.16,0.48,0
289,0.65,2.63,0.28,0.28,0.82,0.68,0.19,0.08,0
290,0.32,5.18,0.65,0.16,0.59,0.33,0.17,0.1,0
291,0.32,3.06,0.35,0.89,0.17,0.25,0.12,0.31,0
292,0.79,6.54,0.29,0.45,0.61,0.13,0.56,0.13,1
293,0.52,7.52,0.56,0.59,0.92,0.12,0.41,0.33,1
294,0.38,8.4,0.1,0.97,0.46,0.72,0.36,0.1,1
295,0.61,3.6,0.11,0.16,0.37,0.21,0.26,0.02,0
296,0.76,3.34,0.3,0.68,0.23,0.47,0.27,0.2,0
297,0.43,2.84,0.13,0.17,0.24,0.58,0.13,0.02,0
298,0.67,7.09,0.2,0.44,0.49,0.44,0.51,0.09,1
299,0.35,7.65,0.4,0.82,0.64,0.12,0.28,0.33,1
300,0.33,2.25,0.82,0.49,0.17,0.73,0.11,0.4,0
301,0.62,9.49,0.61,1.0,0.95,0.11,0.61,0.61,1
302,0.62,2.42,0.56,0.6,0.78,0.71,0.17,0.34,0
303,0.68,6.33,0.36,0.39,0.63,0.81,0.47,0.14,1
304,0.74,7.67,0.94,0.3,0.85,0.45,0.59,0.28,1
305,0.89,8.97,0.46,0.42,0.17,0.53,0.82,0.19,1
306,0.61,7.71,0.18,0.44,0.53,0.48,0.49,0.08,1
307,0.49,8.41,0.66,0.16,0.67,0.41,0.43,0.11,1
308,0.78,4.72,0.2,0.43,0.85,0.81,0.39,0.09,0
309,0.46,8.52,0.41,0.52,0.81,0.82,0.43,0.21,1
310,0.56,2.64,0.56,0.75,0.35,0.37,0.17,0.42,0
311,0.35,9.16,0.89,0.69,0.95,0.59,0.35,0.61,1
312,0.32,6.38,0.54,0.74,0.21,0.84,0.24,0.4,1
313,0.88,8.54,0.73,0.11,0.89,0.87,0.76,0.08,1
314,0.8,5.62,0.99,0.3,0.97,0.51,0.46,0.3,0
315,0.72,7.15,0.22,0.7,0.26,0.46,0.56,0.15,1
316,0.55,6.21,0.35,0.54,0.75,0.32,0.38,0.19,0
317,0.4,7.85,0.46,0.1,0.14,0.87,0.34,0.05,1
318,0.39,2.65,0.48,0.82,0.46,0.21,0.14,0.39,0
319,0.45,2.48,0.47,0.8,0.56,0.56,0.11,0.38,0
320,0.63,3.98,0.92,0.59,0.62,0.33,0.28,0.54,0
321,0.73,3.28,0.74,0.16,0.94,0.32,0.26,0.12,0
322,0.7,8.97,0.65,0.79,0.71,0.42,0.66,0.51,1
323,0.47,3.75,0.38,0.63,0.53,0.9,0.19,0.24,0
324,0.87,9.81,0.84,0.8,0.83,0.14,0.86,0.67,1
325,0.74,4.7,0.96,0.78,0.96,0.56,0.36,0.75,0
326,0.63,3.46,0.84,0.82,0.12,0.17,0.27,0.69,0
327,0.67,8.32,0.1,0.57,0.98,0.22,0.58,0.06,1
328,0.55,7.27,0.67,0.23,0.18,0.45,0.42,0.15,1
329,0.45,5.99,0.15,0.7,0.83,0.51,0.27,0.1,0
330,0.51,6.44,0.33,0.66,0.35,0.31,0.33,0.22,1
331,0.75,7.75,0.15,0.77,0.22,0.35,0.62,0.12,1
332,0.31,3.83,0.64,0.25,0.5,0.17,0.15,0.16,0
333,0.37,9.97,0.72,0.28,0.68,0.34,0.39,0.2,1
334,0.33,9.8,0.2,0.9,0.44,0.87,0.34,0.18,1
335,0.32,7.2,0.45,0.77,0.15,0.86,0.27,0.35,1
336,0.81,3.6,0.51,0.92,0.64,0.37,0.3,0.47,0
337,0.72,7.44,0.43,0.78,0.91,0.56,0.55,0.34,1
338,0.58,2.58,0.21,0.64,0.44,0.83,0.17,0.13,0
339,0.36,2.25,0.48,0.69,0.29,0.1,0.1,0.33,0
340,0.59,4.06,0.78,0.9,0.5,0.75,0.25,0.7,0
341,0.58,5.7,0.16,0.62,0.14,0.86,0.36,0.1,1
342,0.4,8.95,0.17,0.67,0.84,0.17,0.39,0.11,1
343,0.56,7.82,0.42,0.24,0.84,0.23,0.48,0.1,1
344,0.54,7.94,0.95,0.53,0.63,0.87,0.45,0.5,1
345,0.67,5.4,0.7,0.74,0.42,0.53,0.37,0.52,0
346,0.68,4.77,0.71,0.34,0.82,0.11,0.34,0.24,0
347,0.33,4.97,0.43,0.28,0.6,0.31,0.21,0.12,0
348,0.52,9.9,0.63,0.38,0.84,0.46,0.54,0.24,1
349,0.68,2.32,0.11,0.32,0.67,0.65,0.19,0.04,0
350,0.6,8.94,0.67,0.29,0.81,0.69,0.54,0.19,1
351,0.81,6.63,0.92,0.48,0.64,0.9,0.56,0.44,1
352,0.7,5.51,0.65,0.92,0.47,0.33,0.39,0.6,0
353,0.4,7.8,0.89,0.56,0.96,0.53,0.34,0.5,1
354,0.34,5.89,0.75,0.27,0.59,0.53,0.25,0.2,0
355,0.69,8.99,0.21,0.17,0.64,0.42,0.67,0.04,1
356,0.32,9.21,0.91,0.73,0.3,0.24,0.32,0.66,1
357,0.65,5.37,0.16,0.44,0.66,0.88,0.37,0.07,0
358,0.86,4.21,0.58,0.84,0.61,0.78,0.41,0.49,0
359,0.65,6.74,0.23,0.69,0.27,0.5,0.47,0.16,1
360,0.53,9.3,0.11,0.82,0.15,0.58,0.5,0.09,1
361,0.69,3.69,0.48,0.34,0.64,0.28,0.28,0.16,0
362,0.57,6.98,0.37,0.72,0.79,0.54,0.41,0.27,1
363,0.63,7.05,0.54,0.34,0.57,0.66,0.47,0.18,1
364,0.86,7.86,0.62,0.95,0.3,0.51,0.7,0.59,1
365,0.53,3.05,0.14,0.67,0.7,0.89,0.19,0.09,0
366,0.88,7.73,0.21,0.39,0.17,0.59,0.7,0.08,1
367,0.84,9.27,0.6,0.34,0.5,0.4,0.79,0.2,1
368,0.42,3.44,0.41,0.27,0.25,0.72,0.17,0.11,0
369,0.34,3.9,0.76,0.73,0.27,0.24,0.17,0.55,0
370,0.36,9.77,0.69,0.3,0.28,0.41,0.38,0.21,1
371,0.31,3.45,0.86,0.64,0.45,0.38,0.12,0.55,0
372,0.36,8.84,0.72,0.34,0.15,0.45,0.37,0.24,1
373,0.71,5.94,0.49,0.7,0.46,0.73,0.47,0.34,1
374,0.34,3.98,0.71,0.83,0.56,0.49,0.15,0.59,0
375,0.49,8.97,0.35,0.8,0.53,0.74,0.44,0.28,1
376,0.81,5.56,0.38,0.78,0.44,0.56,0.49,0.3,0
377,0.31,6.12,0.81,0.27,0.86,0.37,0.23,0.22,0
378,0.79,4.87,0.5,0.18,0.23,0.75,0.43,0.09,0
379,0.47,6.74,0.82,0.73,0.56,0.29,0.36,0.6,1
380,0.37,3.31,0.84,0.43,0.16,0.28,0.15,0.36,0
381,0.72,5.13,0.87,0.49,0.16,0.5,0.4,0.43,0
382,0.68,9.76,0.92,0.13,0.62,0.31,0.67,0.12,1
383,0.83,4.07,0.49,0.33,0.61,0.11,0.35,0.16,0
384,0.74,7.25,0.39,0.13,0.89,0.62,0.56,0.05,1
385,0.78,4.6,0.62,0.89,0.6,0.51,0.39,0.55,0
386,0.47,8.19,0.43,0.32,0.96,0.46,0.41,0.14,1
387,0.41,3.05,0.64,0.6,0.14,0.87,0.16,0.38,0
388,0.75,9.76,0.74,0.14,0.19,0.56,0.75,0.1,1
389,0.78,5.63,0.72,0.7,0.14,0.79,0.47,0.5,1
390,0.89,3.89,0.44,0.39,0.27,0.21,0.35,0.17,0
391,0.55,2.59,0.25,0.91,0.59,0.56,0.16,0.23,0
392,0.52,3.36,0.49,0.9,0.68,0.79,0.21,0.44,0
393,0.77,6.16,0.23,0.39,0.14,0.57,0.51,0.09,1
394,0.5,4.7,0.9,0.91,0.95,0.67,0.28,0.82,0
395,0.86,8.63,0.41,1.0,0.86,0.4,0.76,0.41,1
396,0.82,5.45,0.24,0.84,0.37,0.17,0.47,0.2,1
397,0.56,3.99,0.12,0.86,0.17,0.47,0.24,0.1,0
398,0.75,6.94,0.68,0.32,0.25,0.42,0.54,0.22,1
399,0.75,7.65,0.67,0.62,0.21,0.79,0.62,0.42,1
400,0.36,3.34,0.41,0.16,0.21,0.3,0.15,0.07,0
401,0.84,3.34,0.16,0.19,0.57,0.87,0.32,0.03,0
402,0.6,2.29,0.47,1.0,0.32,0.87,0.15,0.47,0
403,0.8,7.89,0.38,0.39,0.42,0.3,0.67,0.15,1
404,0.49,7.31,0.71,0.77,0.99,0.38,0.36,0.55,1
405,0.84,5.8,0.65,0.83,0.72,0.82,0.53,0.54,1
406,0.53,8.75,0.43,0.87,0.95,0.87,0.48,0.37,1
407,0.31,8.45,0.3,1.0,0.23,0.45,0.28,0.3,1
408,0.84,6.68,0.99,0.32,0.44,0.36,0.59,0.32,1
409,0.35,8.95,0.51,0.14,0.6,0.52,0.36,0.07,1
410,0.49,3.65,0.72,0.47,0.17,0.65,0.18,0.34,0
411,0.87,2.9,0.23,0.22,0.1,0.32,0.27,0.05,0
412,0.87,4.16,0.54,0.12,0.7,0.69,0.4,0.06,0
413,0.64,2.46,0.12,0.42,0.68,0.14,0.18,0.05,0
414,0.68,6.25,0.55,0.81,0.47,0.14,0.43,0.45,0
415,0.57,9.49,0.97,0.61,0.54,0.41,0.56,0.59,1
416,0.48,2.31,0.45,0.38,0.47,0.38,0.13,0.17,0
417,0.5,2.98,0.14,0.69,0.12,0.35,0.19,0.1,0
418,0.7,5.62,0.13,0.31,0.4,0.49,0.43,0.04,1
419,0.75,9.47,0.45,0.11,0.26,0.36,0.74,0.05,1
420,0.77,4.53,0.24,0.79,0.19,0.25,0.4,0.19,0
421,0.77,6.06,0.12,0.66,0.96,0.35,0.49,0.08,0
422,0.35,2.33,0.78,0.79,0.64,0.88,0.08,0.62,0
423,0.6,3.19,0.51,0.14,0.76,0.43,0.2,0.07,0
424,0.33,9.89,0.36,0.85,0.38,0.46,0.35,0.31,1
425,0.63,9.72,0.91,0.66,0.45,0.56,0.62,0.6,1
426,0.56,2.04,0.2,0.61,0.31,0.89,0.16,0.12,0
427,0.83,9.61,0.96,0.66,0.19,0.29,0.84,0.63,1
428,0.51,7.11,0.38,0.88,0.26,0.65,0.38,0.33,1
429,0.37,8.94,0.9,0.63,0.82,0.67,0.36,0.57,1
430,0.39,5.64,0.64,0.62,0.71,0.59,0.26,0.4,0
431,0.76,6.12,0.84,0.99,0.59,0.17,0.51,0.83,1
432,0.67,5.91,0.99,0.78,0.53,0.64,0.44,0.77,0
433,0.36,7.33,0.36,0.5,0.93,0.15,0.29,0.18,0
434,0.35,3.12,0.97,0.74,0.17,0.58,0.15,0.72,0
435,0.72,2.24,0.45,0.45,0.35,0.69,0.19,0.2,0
436,0.34,4.46,0.45,0.31,0.41,0.27,0.18,0.14,0
437,0.79,7.64,0.41,0.64,0.8,0.77,0.61,0.26,1
438,0.72,3.61,0.59,0.94,0.99,0.12,0.27,0.55,0
439,0.35,7.39,0.24,0.94,0.32,0.78,0.29,0.23,1
440,0.35,9.76,0.6,0.41,0.89,0.47,0.36,0.25,1
441,0.89,2.75,0.59,0.57,0.85,0.27,0.25,0.34,0
442,0.52,7.38,0.79,0.29,0.3,0.21,0.42,0.23,1
443,0.52,5.55,0.85,1.0,0.46,0.86,0.29,0.85,1
444,0.79,8.95,0.5,0.98,0.47,0.16,0.74,0.49,1
445,0.87,3.42,0.37,0.68,0.98,0.26,0.32,0.25,0
446,0.89,7.54,0.33,0.82,0.26,0.38,0.72,0.27,1
447,0.75,8.7,0.28,0.74,0.82,0.6,0.68,0.21,1
448,0.53,9.56,0.15,0.63,0.4,0.54,0.51,0.09,1
449,0.35,7.47,0.41,0.15,0.76,0.2,0.29,0.06,1
450,0.77,5.98,0.34,0.51,0.48,0.33,0.5,0.17,1
451,0.64,6.94,0.97,0.71,0.62,0.29,0.49,0.69,1
452,0.55,8.95,0.6,0.71,0.85,0.27,0.51,0.43,1
453,0.84,6.56,0.41,0.44,0.82,0.43,0.57,0.18,1
454,0.37,2.24,0.62,0.95,0.88,0.66,0.13,0.59,0
455,0.6,9.45,0.23,0.25,0.15,0.27,0.58,0.06,1
456,0.31,7.52,0.5,0.55,0.72,0.39,0.26,0.28,1
457,0.58,7.41,0.66,0.72,0.23,0.41,0.45,0.48,1
458,0.33,3.73,0.54,0.73,0.47,0.88,0.13,0.39,0
459,0.37,7.27,0.46,0.68,0.59,0.86,0.29,0.31,1
460,0.37,5.15,0.99,0.35,0.46,0.74,0.2,0.35,0
461,0.69,7.21,0.89,0.24,0.57,0.29,0.53,0.21,1
462,0.75,2.85,0.66,0.67,1.0,0.15,0.26,0.44,0
463,0.65,7.26,0.61,0.64,0.22,0.35,0.49,0.39,1
464,0.88,10.0,0.66,0.26,0.71,0.31,0.92,0.17,1
465,0.52,2.39,0.28,0.73,0.46,0.5,0.13,0.2,0
466,0.47,9.82,0.46,0.51,0.22,0.72,0.49,0.23,1
467,0.82,5.26,0.14,0.7,0.24,0.79,0.43,0.1,1
468,0.43,8.97,0.53,0.85,0.95,0.78,0.43,0.45,1
469,0.88,8.26,0.59,0.25,0.89,0.39,0.77,0.15,1
470,0.31,6.54,0.3,0.12,0.92,0.65,0.24,0.04,0
471,0.88,7.91,0.97,0.8,0.99,0.35,0.74,0.78,1
472,0.33,9.03,0.92,0.65,0.29,0.15,0.33,0.6,1
473,0.83,5.23,0.75,0.73,0.42,0.66,0.48,0.55,0
474,0.62,4.62,0.58,0.85,0.7,0.11,0.32,0.49,0
475,0.9,7.34,0.88,0.82,0.54,0.43,0.71,0.72,1
476,0.34,8.46,0.22,0.96,0.48,0.36,0.31,0.21,1
477,0.63,8.1,0.81,0.58,0.42,0.65,0.52,0.47,1
478,0.88,8.38,0.21,0.54,0.63,0.71,0.76,0.11,1
479,0.61,5.48,0.81,0.46,0.62,0.34,0.34,0.37,0
480,0.68,8.54,0.35,0.24,0.25,0.75,0.61,0.08,1
481,0.72,2.96,0.89,0.62,0.52,0.34,0.24,0.55,0
482,0.57,6.36,0.95,0.35,0.6,0.46,0.39,0.33,0
483,0.68,2.05,0.23,0.93,0.61,0.68,0.14,0.21,0
484,0.65,4.6,0.52,0.62,0.29,0.65,0.31,0.32,0
485,0.84,4.93,0.98,0.63,0.77,0.89,0.44,0.62,0
486,0.33,5.17,0.54,0.42,0.12,0.28,0.22,0.23,0
487,0.47,7.56,0.88,0.15,0.42,0.63,0.37,0.13,1
488,0.87,5.11,0.63,0.13,0.8,0.59,0.47,0.08,0
489,0.83,5.59,0.44,0.48,0.61,0.83,0.5,0.21,1
490,0.57,3.9,0.36,0.18,0.34,0.23,0.25,0.06,0
491,0.67,4.99,0.28,0.65,0.73,0.7,0.35,0.18,0
492,0.47,3.82,0.79,0.89,0.61,0.55,0.2,0.7,0
493,0.41,2.59,0.45,0.89,0.82,0.32,0.12,0.4,0
494,0.58,6.83,0.56,0.69,0.76,0.48,0.44,0.39,1
495,0.51,7.35,0.54,0.29,0.65,0.37,0.38,0.16,1
496,0.65,6.96,0.62,0.88,0.54,0.56,0.47,0.55,1
497,0.35,5.71,0.88,0.9,0.22,0.81,0.2,0.79,1
498,0.88,5.04,0.98,0.28,0.34,0.56,0.45,0.27,0
499,0.89,8.91,0.47,0.76,0.48,0.61,0.83,0.36,1
500,0.72,6.15,0.84,0.36,0.64,0.51,0.45,0.3,1
501,0.62,5.83,0.79,0.82,0.56,0.14,0.37,0.65,0
502,0.49,2.21,0.62,1.0,0.36,0.29,0.13,0.62,0
503,0.79,4.73,0.96,0.13,0.11,0.49,0.37,0.12,0
504,0.71,5.04,0.28,0.91,0.55,0.35,0.36,0.25,0
505,0.4,5.19,0.2,0.66,0.36,0.25,0.25,0.13,0
506,0.85,6.64,0.87,0.98,0.76,0.5,0.6,0.85,1
507,0.79,6.27,0.5,0.52,0.12,0.36,0.54,0.26,1
508,0.87,6.86,0.86,0.86,0.63,0.31,0.64,0.74,1
509,0.74,8.12,0.9,0.16,0.95,0.47,0.64,0.14,1
510,0.67,8.5,0.16,0.4,0.26,0.21,0.57,0.06,1
511,0.55,7.74,0.9,0.16,0.52,0.84,0.46,0.14,1
512,0.86,9.64,0.5,0.98,0.18,0.79,0.87,0.49,1
513,0.82,2.15,0.56,0.84,0.66,0.67,0.22,0.47,0
514,0.33,3.57,0.66,0.87,0.6,0.18,0.14,0.57,0
515,0.32,2.06,0.93,0.94,0.47,0.72,0.08,0.87,0
516,0.53,7.18,0.12,0.18,0.57,0.75,0.42,0.02,1
517,0.79,9.18,0.53,0.45,0.91,0.71,0.76,0.24,1
518,0.89,3.95,0.72,0.16,0.28,0.19,0.4,0.12,0
519,0.39,9.42,0.75,0.29,0.12,0.62,0.38,0.22,1
520,0.66,2.48,0.72,0.31,0.88,0.77,0.17,0.22,0
521,0.53,9.48,0.22,0.52,0.62,0.56,0.51,0.11,1
522,0.88,4.81,0.37,0.34,0.9,0.62,0.46,0.13,0
523,0.81,2.81,0.42,0.19,0.64,0.47,0.24,0.08,0
524,0.8,5.89,0.82,0.25,0.83,0.52,0.47,0.2,0
525,0.58,4.05,0.35,0.23,0.49,0.13,0.28,0.08,0
526,0.55,4.28,0.29,0.98,0.77,0.61,0.24,0.28,0
527,0.46,4.46,0.96,0.78,0.92,0.17,0.25,0.75,0
528,0.33,8.42,0.11,0.97,0.61,0.45,0.3,0.11,1
529,0.82,6.31,1.0,0.5,0.26,0.33,0.56,0.5,1
530,0.79,4.49,0.71,0.35,0.34,0.54,0.38,0.25,0
531,0.9,6.88,0.85,0.82,0.28,0.21,0.66,0.7,1
532,0.9,7.73,0.37,0.39,0.32,0.65,0.74,0.14,1
533,0.63,4.18,0.11,0.37,0.38,0.74,0.26,0.04,0
534,0.76,5.31,0.76,0.31,0.6,0.23,0.41,0.24,0
535,0.87,2.98,0.85,0.22,0.63,0.18,0.27,0.19,0
536,0.81,3.45,0.77,0.33,0.48,0.22,0.31,0.25,0
537,0.45,7.45,0.23,0.42,0.65,0.8,0.38,0.1,1
538,0.57,3.45,0.78,0.71,0.17,0.52,0.22,0.55,0
539,0.38,6.2,0.79,0.16,0.18,0.47,0.27,0.13,0
540,0.87,7.67,0.69,0.29,0.25,0.19,0.68,0.2,1
541,0.66,2.86,0.79,0.83,0.57,0.62,0.23,0.66,0
542,0.44,6.54,0.86,0.23,0.29,0.79,0.34,0.2,1
543,0.7,4.05,0.65,0.41,0.35,0.76,0.3,0.27,0
544,0.67,9.7,0.18,0.88,0.46,0.6,0.67,0.16,1
545,0.51,5.87,0.54,0.24,0.83,0.16,0.3,0.13,0
546,0.37,8.45,0.17,0.17,0.11,0.19,0.34,0.03,1
547,0.7,6.4,0.47,0.54,0.68,0.14,0.47,0.25,1
548,0.61,2.35,0.47,0.37,0.7,0.31,0.15,0.17,0
549,0.76,7.07,0.16,0.61,0.82,0.21,0.56,0.1,1
550,0.61,9.61,0.41,0.82,0.94,0.31,0.6,0.34,1
551,0.81,6.81,0.2,0.22,0.12,0.41,0.58,0.04,1
552,0.63,8.55,0.83,0.62,0.24,0.85,0.57,0.51,1
553,0.64,9.07,0.95,0.55,0.9,0.59,0.58,0.52,1
554,0.83,3.82,0.17,0.23,0.51,0.77,0.36,0.04,0
555,0.54,3.7,0.96,0.66,0.61,0.67,0.24,0.63,0
556,0.38,6.89,0.57,0.35,0.7,0.19,0.28,0.2,0
557,0.32,5.29,0.37,0.54,0.71,0.69,0.17,0.2,0
558,0.75,8.72,0.17,0.17,0.94,0.32,0.69,0.03,1
559,0.67,9.2,0.55,0.51,1.0,0.61,0.66,0.28,1
560,0.72,4.83,0.82,0.38,0.75,0.37,0.36,0.31,0
561,0.43,3.89,0.74,0.84,0.36,0.9,0.18,0.62,0
562,0.38,8.24,0.15,0.15,0.89,0.31,0.32,0.02,1
563,0.31,4.2,0.17,0.48,0.14,0.32,0.16,0.08,0
564,0.51,8.58,0.46,0.51,0.31,0.84,0.45,0.23,1
565,0.65,5.39,0.37,0.75,0.91,0.12,0.37,0.28,0
566,0.54,7.34,0.31,0.62,0.33,0.66,0.43,0.19,1
567,0.56,2.76,0.35,0.7,0.3,0.68,0.18,0.24,0
568,0.84,6.99,0.82,0.8,0.22,0.77,0.61,0.66,1
569,0.51,5.61,0.94,0.88,0.87,0.88,0.31,0.83,0
570,0.61,6.69,0.46,0.38,0.55,0.88,0.44,0.17,1
571,0.77,3.34,0.92,0.58,0.71,0.15,0.26,0.53,0
572,0.54,7.89,0.39,0.86,0.32,0.76,0.43,0.34,1
573,0.67,8.9,0.53,0.99,0.78,0.62,0.64,0.52,1
574,0.82,3.73,0.3,0.9,0.78,0.62,0.31,0.27,0
575,0.87,2.77,0.68,0.43,0.38,0.2,0.28,0.29,0
576,0.39,2.19,0.98,0.28,0.47,0.62,0.13,0.27,0
577,0.86,7.14,0.64,0.54,0.29,0.89,0.63,0.35,1
578,0.6,6.86,0.42,0.77,0.98,0.83,0.43,0.32,1
579,0.45,6.37,0.68,0.54,0.68,0.45,0.32,0.37,0
580,0.58,3.86,0.21,0.53,0.94,0.13,0.27,0.11,0
581,0.89,5.13,0.9,0.85,0.37,0.39,0.5,0.76,0
582,0.6,6.76,0.55,0.43,0.8,0.76,0.44,0.24,1
583,0.5,5.97,0.5,0.87,0.79,0.66,0.3,0.44,0
584,0.68,9.9,0.63,0.47,0.72,0.47,0.71,0.3,1
585,0.44,3.09,0.66,0.4,0.97,0.14,0.16,0.26,0
586,0.35,7.56,0.16,0.51,0.45,0.44,0.29,0.08,1
587,0.38,5.23,0.71,0.79,0.22,0.48,0.2,0.56,0
588,0.38,5.43,0.32,0.21,0.7,0.84,0.22,0.07,0
589,0.39,7.74,0.74,0.28,0.76,0.61,0.34,0.21,1
590,0.38,7.54,0.84,0.96,0.62,0.35,0.31,0.81,1
591,0.68,9.93,0.82,0.26,0.29,0.52,0.69,0.21,1
592,0.41,3.03,0.6,0.61,0.55,0.15,0.14,0.37,0
593,0.51,2.83,0.57,0.62,0.38,0.88,0.19,0.35,0
594,0.84,7.79,0.23,0.54,0.48,0.39,0.69,0.12,1
595,0.58,6.63,0.8,0.68,0.68,0.48,0.4,0.54,0
596,0.7,4.19,0.34,0.31,0.77,0.38,0.3,0.11,0
597,0.4,2.64,0.55,0.6,0.31,0.65,0.12,0.33,0
598,0.42,2.69,0.36,0.43,0.46,0.63,0.16,0.15,0
599,0.32,9.15,0.22,0.7,0.34,0.67,0.32,0.15,1
600,0.4,3.53,0.67,0.23,0.28,0.31,0.17,0.15,0
601,0.47,4.59,0.15,0.61,0.81,0.35,0.25,0.09,0
602,0.41,3.81,0.77,0.27,0.92,0.2,0.17,0.21,0
603,0.35,4.84,0.39,0.35,0.43,0.62,0.21,0.14,0
604,0.37,2.56,0.1,0.3,0.78,0.13,0.12,0.03,0
605,0.58,6.15,0.56,0.26,0.91,0.58,0.36,0.15,0
606,0.42,2.54,0.14,0.84,0.86,0.8,0.11,0.12,0
607,0.52,8.4,0.35,0.36,0.26,0.81,0.46,0.13,1
608,0.6,3.87,0.74,0.93,0.96,0.46,0.28,0.69,0
609,0.71,6.32,0.16,0.97,0.44,0.47,0.46,0.16,1
610,0.32,9.04,0.86,0.61,0.41,0.16,0.33,0.52,1
611,0.78,7.21,0.1,0.23,0.16,0.64,0.6,0.02,1
612,0.68,6.26,0.32,0.44,0.54,0.76,0.44,0.14,1
613,0.35,4.59,0.77,0.82,0.2,0.3,0.16,0.63,0
614,0.82,4.66,0.38,0.43,0.32,0.44,0.39,0.16,0
615,0.85,7.36,0.19,0.18,0.39,0.77,0.66,0.03,1
616,0.34,9.95,0.42,0.6,0.83,0.8,0.35,0.25,1
617,0.47,7.29,0.34,0.86,0.89,0.29,0.36,0.29,1
618,0.78,6.46,0.86,0.82,0.37,0.54,0.53,0.71,1
619,0.75,7.85,0.38,0.26,0.87,0.25,0.63,0.1,1
620,0.41,5.72,0.81,0.71,0.87,0.18,0.24,0.58,0
621,0.43,2.48,0.9,0.3,0.79,0.83,0.13,0.27,0
622,0.52,6.5,0.49,0.3,0.23,0.76,0.36,0.15,1
623,0.59,9.66,0.92,0.89,0.72,0.71,0.6,0.82,1
624,0.67,3.4,0.44,0.32,0.95,0.14,0.27,0.14,0
625,0.52,7.52,0.97,0.34,0.71,0.77,0.4,0.33,1
626,0.58,3.61,0.18,0.1,0.4,0.45,0.25,0.02,0
627,0.75,6.29,0.72,0.88,0.55,0.37,0.51,0.63,1
628,0.32,2.77,0.54,0.81,0.68,0.54,0.12,0.44,0
629,0.45,5.6,0.45,0.66,0.56,0.17,0.29,0.3,0
630,0.73,8.05,0.67,0.78,0.21,0.71,0.61,0.52,1
631,0.84,4.78,0.73,0.24,0.38,0.57,0.41,0.18,0
632,0.61,7.32,0.1,0.51,0.82,0.25,0.48,0.05,1
633,0.62,8.36,0.25,0.42,0.88,0.25,0.54,0.1,1
634,0.36,9.42,0.74,0.18,0.22,0.25,0.37,0.13,1
635,0.57,3.88,0.7,0.54,0.96,0.15,0.24,0.38,0
636,0.62,5.19,0.97,0.93,0.4,0.57,0.37,0.9,0
637,0.45,3.22,0.78,0.14,0.7,0.77,0.17,0.11,0
638,0.46,9.94,0.96,0.36,0.78,0.11,0.46,0.35,1
639,0.53,9.42,0.73,0.29,0.83,0.14,0.52,0.21,1
640,0.31,6.32,0.37,0.31,0.95,0.56,0.23,0.11,0
641,0.49,8.74,0.19,0.92,0.38,0.76,0.47,0.17,1
642,0.43,6.17,0.8,0.52,0.87,0.36,0.29,0.42,0
643,0.5,6.99,0.68,0.52,0.22,0.38,0.39,0.35,1
644,0.37,2.71,0.14,0.78,0.73,0.58,0.11,0.11,0
645,0.83,8.04,0.42,0.24,0.77,0.32,0.69,0.1,1
646,0.66,3.02,0.96,0.54,0.71,0.12,0.24,0.52,0
647,0.71,8.61,0.55,0.49,0.33,0.69,0.66,0.27,1
648,0.77,8.26,0.49,0.64,0.89,0.6,0.67,0.31,1
649,0.6,7.67,0.51,1.0,0.25,0.56,0.5,0.51,1
650,0.35,2.29,0.29,0.79,0.15,0.69,0.08,0.23,0
651,0.62,4.43,0.43,0.46,0.75,0.64,0.32,0.2,0
652,0.65,4.1,0.43,0.84,0.53,0.26,0.28,0.36,0
653,0.75,4.88,0.15,0.25,0.86,0.38,0.37,0.04,0
654,0.56,2.7,0.79,0.13,0.45,0.2,0.16,0.1,0
655,0.38,9.5,0.47,0.28,0.25,0.2,0.38,0.13,1
656,0.47,6.43,0.84,0.41,0.85,0.64,0.31,0.34,0
657,0.52,4.44,0.87,0.56,0.59,0.79,0.25,0.49,0
658,0.69,5.18,0.29,0.65,0.27,0.87,0.36,0.19,0
659,0.64,5.58,0.69,0.92,0.75,0.6,0.37,0.63,0
660,0.51,6.8,0.53,0.56,0.56,0.25,0.38,0.3,1
661,0.89,6.13,0.89,0.55,0.64,0.18,0.57,0.49,0
662,0.66,9.36,0.29,0.15,0.51,0.75,0.64,0.04,1
663,0.44,5.98,0.71,0.13,0.85,0.56,0.3,0.09,0
664,0.36,9.94,0.65,0.6,0.85,0.59,0.4,0.39,1
665,0.39,8.81,0.37,0.49,0.74,0.73,0.38,0.18,1
666,0.45,3.67,0.22,0.86,0.19,0.66,0.18,0.19,0
667,0.4,9.44,0.69,0.24,0.85,0.77,0.41,0.17,1
668,0.41,2.93,0.76,0.12,0.7,0.14,0.13,0.09,0
669,0.47,8.54,0.38,0.5,0.73,0.7,0.41,0.19,1
670,0.4,5.04,0.68,0.31,0.43,0.78,0.22,0.21,0
671,0.84,9.02,0.46,0.14,0.89,0.33,0.8,0.06,1
672,0.35,8.94,0.74,0.75,0.75,0.61,0.33,0.55,1
673,0.61,8.45,0.28,0.2,0.2,0.35,0.52,0.06,1
674,0.55,8.32,0.9,0.65,0.47,0.87,0.46,0.59,1
675,0.89,4.44,0.36,0.35,0.9,0.13,0.44,0.13,0
676,0.37,2.65,0.43,0.26,0.14,0.56,0.13,0.11,0
677,0.54,5.22,0.15,0.44,0.97,0.23,0.29,0.07,0
678,0.88,3.39,0.2,0.82,0.71,0.67,0.33,0.16,0
679,0.82,7.56,0.56,0.45,0.67,0.24,0.65,0.25,1
680,0.79,4.77,0.34,0.78,0.34,0.29,0.41,0.27,0
681,0.45,9.8,0.85,0.21,0.32,0.5,0.45,0.18,1
682,0.4,7.13,0.11,0.8,0.95,0.83,0.33,0.09,1
683,0.7,8.58,0.44,0.31,0.37,0.27,0.62,0.14,1
684,0.86,3.06,0.4,0.71,0.8,0.22,0.3,0.28,0
685,0.63,8.9,0.12,0.61,0.45,0.71,0.56,0.07,1
686,0.64,9.38,0.21,0.94,0.23,0.5,0.62,0.2,1
687,0.47,5.9,0.47,0.45,0.11,0.83,0.29,0.21,1
688,0.76,6.85,0.54,0.16,0.59,0.22,0.55,0.09,1
689,0.41,8.12,0.46,0.12,0.98,0.62,0.34,0.06,1
690,0.49,3.4,0.58,0.84,0.43,0.29,0.21,0.49,0
691,0.56,6.02,0.64,0.57,0.42,0.23,0.35,0.36,0
692,0.6,5.19,0.11,0.8,0.41,0.65,0.35,0.09,0
693,0.45,3.17,0.52,0.31,0.57,0.57,0.18,0.16,0
694,0.37,4.94,0.97,0.41,0.5,0.7,0.21,0.4,0
695,0.67,2.55,0.57,0.13,0.89,0.35,0.21,0.07,0
696,0.47,2.21,0.71,0.97,0.55,0.46,0.14,0.69,0
697,0.65,3.08,0.38,0.7,0.56,0.42,0.22,0.27,0
698,0.39,9.7,0.8,0.94,0.22,0.89,0.42,0.75,1
699,0.59,6.4,0.8,0.34,0.98,0.33,0.39,0.27,0
700,0.62,9.73,0.57,0.65,0.32,0.34,0.63,0.37,1
701,0.33,5.46,0.98,0.71,0.17,0.38,0.22,0.7,0
702,0.5,4.49,0.21,0.39,0.7,0.55,0.24,0.08,0
703,0.38,6.05,0.12,0.86,0.64,0.3,0.25,0.1,0
704,0.34,5.52,0.79,0.95,0.47,0.83,0.21,0.75,0
705,0.89,2.85,0.83,0.9,0.48,0.31,0.29,0.75,0
706,0.49,7.13,0.21,0.77,0.81,0.82,0.4,0.16,1
707,0.79,3.73,0.34,0.35,0.28,0.18,0.32,0.12,0
708,0.45,6.96,0.12,0.35,0.84,0.63,0.35,0.04,1
709,0.71,7.2,0.36,0.97,0.68,0.83,0.56,0.35,1
710,0.76,3.22,0.8,0.11,0.48,0.23,0.25,0.09,0
711,0.66,2.49,0.57,0.74,0.51,0.87,0.18,0.42,0
712,0.58,8.25,0.41,0.74,0.33,0.46,0.51,0.3,1
713,0.55,5.68,0.43,0.66,0.78,0.86,0.35,0.28,0
714,0.51,2.47,0.1,0.99,0.56,0.64,0.17,0.1,0
715,0.86,9.96,0.37,0.38,0.39,0.34,0.88,0.14,1
716,0.8,2.46,0.68,0.41,0.64,0.25,0.2,0.28,0
717,0.88,7.56,0.98,0.17,1.0,0.34,0.69,0.17,1
718,0.37,9.87,0.86,0.5,0.49,0.17,0.38,0.43,1
719,0.74,3.91,0.12,0.33,0.93,0.22,0.3,0.04,0
720,0.86,3.14,0.91,0.41,0.41,0.18,0.31,0.37,0
721,0.41,2.97,0.8,0.85,0.15,0.44,0.13,0.68,0
722,0.34,4.43,0.8,0.94,0.28,0.74,0.19,0.75,0
723,0.74,2.81,0.51,0.27,0.48,0.21,0.23,0.14,0
724,0.64,7.54,0.46,0.44,0.3,0.2,0.51,0.2,1
725,0.81,2.5,0.37,0.94,0.1,0.61,0.21,0.35,0
726,0.38,6.08,0.16,0.16,0.92,0.26,0.25,0.03,0
727,0.78,9.97,0.31,0.18,0.86,0.18,0.78,0.06,1
728,0.42,8.51,0.32,0.25,0.77,0.23,0.41,0.08,1
729,0.4,6.92,0.54,0.64,0.25,0.84,0.32,0.35,1
730,0.4,4.45,0.77,0.24,0.21,0.76,0.2,0.18,0
731,0.79,6.99,0.53,0.97,0.16,0.38,0.56,0.51,1
732,0.7,6.22,0.15,0.5,0.75,0.62,0.48,0.08,0
733,0.61,5.41,0.96,0.55,0.94,0.53,0.35,0.53,0
734,0.52,3.05,0.95,0.32,0.49,0.64,0.17,0.3,0
735,0.83,9.09,0.81,0.52,0.21,0.65,0.78,0.42,1
736,0.54,5.6,0.99,0.7,0.56,0.6,0.35,0.69,0
737,0.79,3.56,0.59,0.78,0.41,0.31,0.28,0.46,0
738,0.56,4.94,0.97,0.78,0.44,0.13,0.29,0.76,0
739,0.53,5.31,0.17,0.62,0.66,0.46,0.33,0.11,0
740,0.58,8.62,0.43,0.91,0.75,0.81,0.51,0.39,1
741,0.48,7.87,0.3,0.84,0.2,0.56,0.38,0.25,1
742,0.75,8.15,0.28,0.78,0.13,0.77,0.64,0.22,1
743,0.6,2.09,0.23,0.15,0.99,0.89,0.17,0.03,0
744,0.44,5.33,0.66,0.11,0.31,0.23,0.26,0.07,0
745,0.84,5.85,0.8,0.29,0.15,0.65,0.54,0.23,1
746,0.53,2.15,0.62,0.7,0.27,0.64,0.15,0.43,0
747,0.63,4.08,0.23,0.47,0.14,0.88,0.26,0.11,0
748,0.84,8.08,0.83,0.46,0.45,0.89,0.73,0.38,1
749,0.67,3.1,0.67,0.9,0.82,0.65,0.23,0.6,0
750,0.37,6.28,0.45,0.91,0.41,0.29,0.25,0.41,1
751,0.86,3.72,0.71,0.92,0.5,0.74,0.35,0.65,0
752,0.68,2.1,0.33,0.38,0.71,0.19,0.16,0.13,0
753,0.5,3.93,0.41,0.72,0.56,0.72,0.2,0.3,0
754,0.38,9.81,0.93,0.34,0.88,0.83,0.37,0.32,1
755,0.78,8.41,0.36,0.27,0.88,0.41,0.68,0.1,1
756,0.67,9.68,0.52,0.27,0.11,0.6,0.69,0.14,1
757,0.62,5.9,0.9,0.41,0.8,0.44,0.39,0.37,0
758,0.84,2.88,0.74,0.49,0.51,0.45,0.29,0.36,0
759,0.77,6.38,0.16,0.85,0.99,0.35,0.51,0.14,1
760,0.39,5.64,0.23,0.21,0.53,0.71,0.23,0.05,0
761,0.49,8.75,0.11,0.76,0.99,0.85,0.44,0.08,1
762,0.45,2.78,0.67,0.58,0.78,0.85,0.13,0.39,0
763,0.75,5.91,0.5,0.36,0.32,0.24,0.46,0.18,0
764,0.32,3.2,0.22,0.54,0.58,0.8,0.14,0.12,0
765,0.64,4.6,0.96,0.37,0.99,0.69,0.34,0.36,0
766,0.76,7.9,0.58,0.64,0.87,0.3,0.65,0.37,1
767,0.83,5.81,0.32,0.49,0.19,0.15,0.49,0.16,1
768,0.51,5.01,0.55,0.25,0.74,0.31,0.3,0.14,0
769,0.79,5.16,0.71,0.2,0.41,0.83,0.42,0.14,0
770,0.37,5.68,0.17,0.59,0.11,0.61,0.22,0.1,0
771,0.81,8.28,0.35,0.91,0.46,0.68,0.71,0.32,1
772,0.38,9.14,0.83,0.41,0.31,0.31,0.38,0.34,1
773,0.54,9.64,0.51,0.76,0.84,0.68,0.53,0.39,1
774,0.78,8.3,0.59,0.69,0.4,0.12,0.67,0.41,1
775,0.39,4.52,0.49,0.94,0.84,0.4,0.19,0.46,0
776,0.44,7.51,0.14,0.84,0.1,0.6,0.37,0.12,1
777,0.73,5.5,0.25,0.61,0.38,0.22,0.42,0.15,0
778,0.73,4.04,0.5,0.69,0.32,0.76,0.34,0.34,0
779,0.68,8.73,0.29,0.91,0.31,0.29,0.6,0.26,1
780,0.72,2.31,0.14,0.46,0.16,0.62,0.18,0.06,0
781,0.63,9.21,0.86,0.39,0.27,0.42,0.6,0.34,1
782,0.45,5.69,0.98,0.11,0.6,0.58,0.28,0.11,0
783,0.51,7.1,0.81,0.84,0.36,0.19,0.38,0.68,1
784,0.41,7.27,0.87,0.82,0.48,0.11,0.33,0.71,1
785,0.85,9.16,0.32,0.19,0.44,0.83,0.82,0.06,1
786,0.65,7.09,0.96,0.62,0.89,0.32,0.51,0.6,1
787,0.54,6.91,0.28,0.52,0.91,0.76,0.41,0.15,1
788,0.58,2.53,0.96,0.21,0.54,0.9,0.19,0.2,0
789,0.87,6.15,1.0,0.98,0.4,0.27,0.56,0.98,1
790,0.39,3.2,0.74,0.29,0.2,0.31,0.17,0.21,0
791,0.65,7.9,0.98,0.16,0.96,0.63,0.53,0.16,1
792,0.6,6.1,0.61,0.64,0.15,0.87,0.39,0.39,1
793,0.67,7.44,0.33,0.76,0.37,0.83,0.51,0.25,1
794,0.31,2.33,0.49,0.13,0.37,0.5,0.1,0.06,0
795,0.82,2.68,0.63,0.69,0.39,0.74,0.23,0.43,0
796,0.86,7.73,0.17,0.58,0.25,0.21,0.71,0.1,1
797,0.64,2.58,0.66,0.19,0.8,0.88,0.18,0.13,0
798,0.72,2.57,0.98,0.26,0.21,0.87,0.19,0.25,0
799,0.85,2.1,0.27,0.61,0.67,0.23,0.2,0.16,0
800,0.72,9.65,0.81,0.37,0.21,0.34,0.7,0.3,1
801,0.39,7.9,0.92,0.94,0.16,0.18,0.31,0.86,1
802,0.65,4.83,0.95,0.84,0.92,0.32,0.32,0.8,0
803,0.66,4.37,0.96,0.99,0.27,0.75,0.31,0.95,0
804,0.55,4.8,0.57,0.33,0.84,0.4,0.29,0.19,0
805,0.74,8.2,0.98,0.97,0.59,0.17,0.65,0.95,1
806,0.86,7.29,0.78,0.49,0.17,0.37,0.66,0.38,1
807,0.86,3.48,0.25,0.41,0.96,0.89,0.32,0.1,0
808,0.57,3.39,0.53,0.15,0.32,0.6,0.21,0.08,0
809,0.37,2.79,0.75,0.15,0.87,0.43,0.12,0.11,0
810,0.89,7.28,0.32,0.72,0.25,0.23,0.69,0.23,1
811,0.8,8.11,0.68,0.51,0.87,0.89,0.65,0.35,1
812,0.37,4.12,0.7,0.3,0.11,0.76,0.15,0.21,0
813,0.85,2.17,0.25,0.65,0.56,0.33,0.22,0.16,0
814,0.82,2.66,0.61,0.33,0.79,0.16,0.24,0.2,0
815,0.61,9.74,0.79,0.62,0.94,0.15,0.6,0.49,1
816,0.65,4.36,0.55,0.42,0.92,0.2,0.3,0.23,0
817,0.54,8.15,0.11,0.84,0.84,0.56,0.49,0.09,1
818,0.33,7.0,0.11,0.84,0.9,0.84,0.27,0.09,1
819,0.5,5.06,0.42,0.53,0.28,0.5,0.29,0.22,0
820,0.78,3.65,0.93,0.42,0.36,0.77,0.31,0.39,0
821,0.3,2.97,0.31,0.43,0.36,0.46,0.12,0.13,0
822,0.5,6.92,0.67,0.83,0.44,0.67,0.39,0.56,1
823,0.54,8.2,0.3,0.4,0.45,0.69,0.49,0.12,1
824,0.62,7.15,0.39,0.29,0.59,0.24,0.45,0.11,1
825,0.85,6.24,0.86,0.18,0.24,0.39,0.57,0.15,1
826,0.51,2.34,0.76,0.52,0.72,0.61,0.13,0.4,0
827,0.51,9.75,0.19,0.53,0.25,0.16,0.51,0.1,1
828,0.74,8.39,0.49,0.86,0.38,0.39,0.65,0.42,1
829,0.57,4.34,0.13,0.3,0.55,0.53,0.27,0.04,0
830,0.43,9.84,0.53,0.44,0.82,0.9,0.47,0.23,1
831,0.57,6.82,0.7,0.83,0.77,0.48,0.39,0.58,1
832,0.38,6.66,0.21,0.84,0.68,0.75,0.28,0.18,1
833,0.41,7.98,0.36,0.45,0.24,0.45,0.37,0.16,1
834,0.6,8.49,0.46,0.51,0.59,0.74,0.55,0.23,1
835,0.55,7.25,0.93,0.37,0.18,0.58,0.41,0.34,1
836,0.85,3.02,0.99,0.94,0.44,0.81,0.28,0.93,0
837,0.52,4.71,0.14,0.21,0.47,0.43,0.28,0.03,0
838,0.65,9.42,0.78,0.94,0.14,0.58,0.62,0.73,1
839,0.68,3.8,0.43,0.72,0.35,0.6,0.31,0.31,0
840,0.31,4.98,0.45,0.58,0.96,0.43,0.2,0.26,0
841,0.7,5.46,0.78,0.13,0.96,0.22,0.39,0.1,0
842,0.41,5.52,0.93,0.53,0.42,0.17,0.23,0.49,0
843,0.88,6.9,0.96,0.47,0.14,0.11,0.61,0.45,1
844,0.39,9.54,0.62,0.25,0.26,0.8,0.42,0.16,1
845,0.55,3.93,0.42,0.69,0.45,0.29,0.23,0.29,0
846,0.35,2.97,0.81,0.97,0.95,0.27,0.12,0.79,0
847,0.9,3.58,0.33,0.61,0.23,0.69,0.34,0.2,0
848,0.6,9.1,0.61,0.74,0.79,0.36,0.58,0.45,1
849,0.66,7.17,0.42,0.16,0.2,0.5,0.48,0.07,1
850,0.34,4.29,0.69,0.48,0.98,0.23,0.16,0.33,0
851,0.75,8.53,0.32,0.2,0.44,0.87,0.69,0.06,1
852,0.43,8.89,0.27,0.65,0.8,0.78,0.43,0.18,1
853,0.84,8.77,0.93,0.94,0.41,0.79,0.78,0.87,1
854,0.42,9.35,0.19,0.7,0.66,0.43,0.39,0.13,1
855,0.41,4.02,0.56,0.17,0.27,0.71,0.18,0.1,0
856,0.32,8.04,0.3,0.42,0.23,0.22,0.29,0.13,1
857,0.58,5.68,0.14,0.6,0.94,0.11,0.34,0.08,0
858,0.64,8.74,0.13,0.46,0.93,0.12,0.6,0.06,1
859,0.34,7.83,0.26,0.85,0.9,0.57,0.3,0.22,1
860,0.77,8.21,0.88,0.83,0.66,0.46,0.64,0.73,1
861,0.57,7.25,0.35,0.65,0.83,0.51,0.46,0.23,1
862,0.61,3.42,0.96,0.44,0.16,0.11,0.26,0.42,0
863,0.56,6.36,0.62,0.33,0.4,0.44,0.36,0.2,0
864,0.54,9.88,0.49,0.2,0.38,0.67,0.56,0.1,1
865,0.64,9.5,0.62,0.42,0.67,0.45,0.62,0.26,1
866,0.39,2.35,0.57,0.47,0.42,0.69,0.11,0.27,0
867,0.41,3.32,0.78,0.71,0.23,0.29,0.15,0.55,0
868,0.82,3.05,0.35,0.69,0.64,0.75,0.28,0.24,0
869,0.87,7.81,0.42,0.16,0.83,0.57,0.73,0.07,1
870,0.52,8.54,0.9,0.46,0.44,0.27,0.47,0.41,1
871,0.46,3.71,0.95,0.26,0.22,0.29,0.17,0.25,0
872,0.69,6.05,0.9,0.24,0.28,0.6,0.45,0.22,1
873,0.55,8.73,0.48,0.84,0.31,0.76,0.5,0.4,1
874,0.32,7.86,0.8,0.14,0.37,0.43,0.29,0.11,1
875,0.39,6.34,0.53,0.48,0.68,0.31,0.27,0.25,0
876,0.73,6.72,0.55,0.25,0.64,0.79,0.5,0.14,1
877,0.7,6.07,0.28,0.89,0.73,0.64,0.43,0.25,1
878,0.32,4.38,0.63,0.6,0.43,0.46,0.18,0.38,0
879,0.43,6.52,0.27,0.31,0.84,0.49,0.29,0.08,0
880,0.44,7.51,0.4,0.55,0.28,0.26,0.37,0.22,1
881,0.7,8.99,0.87,0.76,0.52,0.6,0.64,0.66,1
882,0.31,7.09,0.29,0.96,0.82,0.39,0.24,0.28,1
883,0.36,8.09,0.16,0.3,0.26,0.9,0.31,0.05,1
884,0.78,3.28,0.16,0.9,0.2,0.48,0.3,0.14,0
885,0.41,5.69,0.95,0.94,0.9,0.49,0.28,0.89,0
886,0.69,2.07,0.56,0.92,0.41,0.55,0.15,0.52,0
887,0.44,3.97,0.47,0.67,0.72,0.83,0.19,0.31,0
888,0.36,7.81,0.83,0.67,0.12,0.74,0.29,0.56,1
889,0.45,9.93,0.85,0.46,0.72,0.46,0.47,0.39,1
890,0.73,2.79,0.4,0.78,0.38,0.67,0.23,0.31,0
891,0.81,5.21,0.72,0.58,0.15,0.57,0.47,0.42,0
892,0.8,8.4,0.79,0.71,0.65,0.49,0.72,0.56,1
893,0.54,3.63,0.69,0.49,0.32,0.25,0.22,0.34,0
894,0.7,6.44,0.24,0.76,0.45,0.47,0.48,0.18,1
895,0.42,7.86,0.89,0.84,0.17,0.3,0.37,0.75,1
896,0.48,6.93,0.59,0.23,0.23,0.83,0.37,0.14,1
897,0.84,3.5,0.35,0.85,0.37,0.37,0.29,0.3,0
898,0.31,4.84,0.48,0.59,0.18,0.86,0.17,0.28,0
899,0.35,8.27,0.13,0.86,0.92,0.53,0.31,0.11,1
900,0.42,6.43,0.22,0.49,0.11,0.61,0.28,0.11,1
901,0.32,2.04,0.79,0.44,0.54,0.53,0.08,0.35,0
902,0.41,8.09,0.1,0.92,0.21,0.2,0.33,0.09,1
903,0.65,2.28,0.47,0.33,0.38,0.4,0.18,0.16,0
904,0.55,7.97,0.57,0.86,0.93,0.18,0.45,0.49,1
905,0.84,3.62,0.15,0.54,0.25,0.6,0.31,0.08,0
906,0.79,9.66,0.98,0.56,0.97,0.46,0.77,0.55,1
907,0.51,4.94,0.3,0.38,0.29,0.72,0.29,0.11,0
908,0.46,4.62,0.37,0.62,0.77,0.28,0.26,0.23,0
909,0.53,3.19,0.37,0.39,0.59,0.23,0.19,0.14,0
910,0.65,4.44,0.31,0.14,0.9,0.43,0.31,0.04,0
911,0.46,9.01,0.1,0.34,0.6,0.84,0.46,0.03,1
912,0.67,9.97,0.76,0.11,0.58,0.67,0.68,0.08,1
913,0.55,4.95,0.97,0.98,0.28,0.44,0.28,0.95,0
914,0.63,5.59,0.3,0.97,0.25,0.51,0.37,0.29,0
915,0.56,7.78,0.7,0.46,0.92,0.17,0.44,0.32,1
916,0.48,9.09,0.77,0.76,0.4,0.89,0.46,0.59,1
917,0.87,6.74,0.86,0.41,0.43,0.63,0.63,0.35,1
918,0.76,5.13,0.48,0.7,0.78,0.33,0.42,0.34,0
919,0.38,5.3,0.37,0.82,0.4,0.57,0.22,0.3,0
920,0.82,7.56,0.39,0.95,0.96,0.19,0.67,0.37,1
921,0.59,2.03,0.74,0.46,0.76,0.87,0.12,0.34,0
922,0.84,6.96,0.84,0.8,0.64,0.24,0.6,0.67,1
923,0.78,4.84,0.26,0.34,0.89,0.62,0.41,0.09,0
924,0.56,8.35,0.43,0.99,0.14,0.3,0.5,0.43,1
925,0.31,2.74,0.91,0.12,0.33,0.67,0.09,0.11,0
926,0.46,6.71,0.83,0.64,0.52,0.72,0.33,0.53,1
927,0.62,5.85,0.99,0.69,0.3,0.64,0.4,0.68,1
928,0.68,7.14,0.78,0.72,0.77,0.59,0.52,0.56,1
929,0.45,2.52,0.45,0.21,0.93,0.81,0.15,0.09,0
930,0.38,6.64,0.63,0.94,0.48,0.16,0.27,0.59,0
931,0.8,6.49,0.69,0.26,0.41,0.36,0.52,0.18,1
932,0.89,6.49,0.17,0.66,0.97,0.3,0.6,0.11,0
933,0.62,6.83,0.59,0.3,0.5,0.89,0.43,0.18,1
934,0.4,7.41,0.74,0.38,0.54,0.41,0.34,0.28,1
935,0.46,8.44,0.25,0.59,0.42,0.69,0.41,0.15,1
936,0.31,4.16,0.8,0.48,0.92,0.65,0.14,0.38,0
937,0.85,8.6,0.63,0.24,0.61,0.27,0.77,0.15,1
938,0.37,5.99,0.96,0.25,0.79,0.29,0.25,0.24,0
939,0.65,2.62,0.14,0.48,0.83,0.33,0.19,0.07,0
940,0.46,2.47,0.34,0.78,0.41,0.43,0.15,0.27,0
941,0.63,4.67,0.64,0.91,0.49,0.29,0.34,0.58,0
942,0.69,8.28,0.37,0.18,0.86,0.12,0.6,0.07,1
943,0.8,7.66,0.74,0.45,0.43,0.8,0.62,0.33,1
944,0.42,8.31,0.78,0.19,0.81,0.87,0.38,0.15,1
945,0.31,6.14,0.19,0.11,0.95,0.37,0.23,0.02,0
946,0.38,5.52,0.56,0.7,0.66,0.37,0.22,0.39,0
947,0.84,3.18,0.56,0.64,0.77,0.11,0.28,0.36,0
948,0.82,4.63,0.43,0.25,0.82,0.64,0.42,0.11,0
949,0.66,5.47,0.94,0.31,0.86,0.76,0.36,0.29,0
950,0.66,2.71,0.84,0.12,0.46,0.22,0.22,0.1,0
951,0.7,3.76,0.73,0.85,0.15,0.23,0.29,0.62,0
952,0.41,6.79,0.74,0.98,0.46,0.73,0.3,0.73,1
953,0.85,7.89,0.52,0.22,0.71,0.59,0.67,0.11,1
954,0.55,9.99,0.93,0.31,0.51,0.14,0.59,0.29,1
955,0.53,9.46,0.73,0.88,0.77,0.6,0.52,0.64,1
956,0.61,7.14,0.76,0.93,0.42,0.35,0.46,0.71,1
957,0.33,5.37,0.88,0.48,0.67,0.39,0.21,0.42,0
958,0.4,7.09,0.35,0.15,0.27,0.72,0.32,0.05,1
959,0.74,8.29,0.83,0.14,0.77,0.75,0.66,0.12,1
960,0.35,2.95,0.28,0.62,0.59,0.42,0.13,0.17,0
961,0.66,5.28,0.41,0.45,0.28,0.86,0.37,0.18,0
962,0.45,8.72,0.4,0.13,0.36,0.43,0.44,0.05,1
963,0.53,5.07,0.98,0.62,0.77,0.72,0.3,0.61,0
964,0.47,6.57,0.87,0.11,0.53,0.49,0.32,0.1,0
965,0.51,6.7,0.73,0.81,0.29,0.82,0.35,0.59,1
966,0.73,3.48,0.75,0.38,0.97,0.83,0.3,0.29,0
967,0.48,4.9,0.61,0.14,0.74,0.17,0.25,0.09,0
968,0.64,4.68,0.95,0.63,0.96,0.85,0.33,0.6,0
969,0.59,2.21,0.55,0.46,0.48,0.76,0.15,0.25,0
970,0.7,2.19,0.44,0.98,0.53,0.73,0.16,0.43,0
971,0.86,8.65,0.25,0.59,0.91,0.26,0.77,0.15,1
972,0.74,4.18,0.81,0.35,0.57,0.74,0.31,0.28,0
973,0.43,6.14,0.76,0.74,0.74,0.78,0.28,0.56,1
974,0.32,4.39,0.45,0.34,0.33,0.33,0.17,0.15,0
975,0.46,9.53,0.12,0.91,0.5,0.86,0.46,0.11,1
976,0.66,4.07,0.86,0.44,0.21,0.14,0.31,0.38,0
977,0.33,5.44,0.11,0.59,0.29,0.22,0.22,0.06,0
978,0.6,8.98,0.73,0.15,0.1,0.53,0.58,0.11,1
979,0.66,8.74,0.97,0.48,0.14,0.56,0.58,0.47,1
980,0.5,3.49,0.49,0.85,0.98,0.62,0.18,0.42,0
981,0.76,8.42,0.31,0.83,0.32,0.11,0.67,0.26,1
982,0.36,5.67,0.73,0.3,0.7,0.87,0.25,0.22,0
983,0.35,5.86,0.84,0.3,0.86,0.14,0.25,0.25,0
984,0.74,3.07,0.59,0.84,0.6,0.21,0.27,0.5,0
985,0.6,2.64,0.97,0.94,0.24,0.11,0.17,0.91,0
986,0.71,7.82,0.15,0.19,0.76,0.55,0.58,0.03,1
987,0.56,5.97,0.55,0.51,0.64,0.85,0.36,0.28,0
988,0.45,5.49,0.75,0.4,0.76,0.63,0.25,0.3,0
989,0.79,7.84,0.88,0.88,0.79,0.76,0.62,0.77,1
990,0.78,8.12,0.26,0.18,0.98,0.11,0.68,0.05,1
991,0.72,3.27,0.82,0.29,0.62,0.53,0.25,0.24,0
992,0.46,6.88,0.6,0.78,0.41,0.47,0.33,0.47,1
993,0.65,3.08,0.46,0.15,0.68,0.5,0.2,0.07,0
994,0.52,8.01,0.22,0.54,0.16,0.16,0.46,0.12,1
995,0.35,7.26,0.88,0.5,0.91,0.65,0.28,0.44,1
996,0.85,9.65,0.24,0.4,0.21,0.5,0.85,0.1,1
997,0.38,2.55,0.38,0.46,0.4,0.71,0.14,0.17,0
998,0.87,2.46,0.36,0.58,0.83,0.49,0.23,0.21,0
999,0.57,4.26,0.88,0.25,0.64,0.22,0.27,0.22,0
